-- MySQL dump 10.13  Distrib 8.0.18, for Win64 (x86_64)
--
-- Host: 127.0.0.1    Database: car_insurance
-- ------------------------------------------------------
-- Server version	8.0.41

/*!40101 SET @OLD_CHARACTER_SET_CLIENT=@@CHARACTER_SET_CLIENT */;
/*!40101 SET @OLD_CHARACTER_SET_RESULTS=@@CHARACTER_SET_RESULTS */;
/*!40101 SET @OLD_COLLATION_CONNECTION=@@COLLATION_CONNECTION */;
/*!50503 SET NAMES utf8mb4 */;
/*!40103 SET @OLD_TIME_ZONE=@@TIME_ZONE */;
/*!40103 SET TIME_ZONE='+00:00' */;
/*!40014 SET @OLD_UNIQUE_CHECKS=@@UNIQUE_CHECKS, UNIQUE_CHECKS=0 */;
/*!40014 SET @OLD_FOREIGN_KEY_CHECKS=@@FOREIGN_KEY_CHECKS, FOREIGN_KEY_CHECKS=0 */;
/*!40101 SET @OLD_SQL_MODE=@@SQL_MODE, SQL_MODE='NO_AUTO_VALUE_ON_ZERO' */;
/*!40111 SET @OLD_SQL_NOTES=@@SQL_NOTES, SQL_NOTES=0 */;

--
-- Table structure for table `claims`
--

DROP TABLE IF EXISTS `claims`;
/*!40101 SET @saved_cs_client     = @@character_set_client */;
/*!50503 SET character_set_client = utf8mb4 */;
CREATE TABLE `claims` (
  `id` int NOT NULL AUTO_INCREMENT,
  `vehicle_id` int NOT NULL,
  `policy_id` int NOT NULL,
  `description` text COLLATE utf8mb4_general_ci NOT NULL,
  `amount` double DEFAULT NULL,
  `status` enum('pending','approved','rejected') COLLATE utf8mb4_general_ci DEFAULT 'pending',
  `created_at` timestamp NOT NULL DEFAULT CURRENT_TIMESTAMP,
  `rejected_at` timestamp NULL DEFAULT NULL,
  `approved_at` timestamp NULL DEFAULT NULL,
  PRIMARY KEY (`id`),
  KEY `vehicle_id_re` (`vehicle_id`),
  KEY `policy_id_re` (`policy_id`),
  CONSTRAINT `policy_id_re` FOREIGN KEY (`policy_id`) REFERENCES `policies` (`id`) ON DELETE CASCADE ON UPDATE CASCADE,
  CONSTRAINT `vehicle_id_re` FOREIGN KEY (`vehicle_id`) REFERENCES `vehicles` (`id`) ON DELETE CASCADE ON UPDATE CASCADE
) ENGINE=InnoDB AUTO_INCREMENT=5 DEFAULT CHARSET=utf8mb4 COLLATE=utf8mb4_general_ci;
/*!40101 SET character_set_client = @saved_cs_client */;

--
-- Dumping data for table `claims`
--

LOCK TABLES `claims` WRITE;
/*!40000 ALTER TABLE `claims` DISABLE KEYS */;
INSERT INTO `claims` VALUES (4,78,7,'give me 20 dollars',20,'approved','2025-03-19 21:05:11',NULL,'2025-03-19 21:14:12');
/*!40000 ALTER TABLE `claims` ENABLE KEYS */;
UNLOCK TABLES;

--
-- Table structure for table `payments`
--

DROP TABLE IF EXISTS `payments`;
/*!40101 SET @saved_cs_client     = @@character_set_client */;
/*!50503 SET character_set_client = utf8mb4 */;
CREATE TABLE `payments` (
  `id` int NOT NULL AUTO_INCREMENT,
  `policy_id` int NOT NULL,
  `vehicle_id` int NOT NULL,
  `payment_date` timestamp NOT NULL DEFAULT CURRENT_TIMESTAMP,
  `end_date_payment` datetime DEFAULT NULL,
  `amount_paid` decimal(10,0) NOT NULL,
  `payment_method` varchar(255) COLLATE utf8mb4_general_ci NOT NULL,
  `payment_status` varchar(255) COLLATE utf8mb4_general_ci NOT NULL,
  PRIMARY KEY (`id`),
  KEY `vehicle_id_relation` (`vehicle_id`),
  KEY `policy_id_relation` (`policy_id`),
  CONSTRAINT `policy_id_relation` FOREIGN KEY (`policy_id`) REFERENCES `policies` (`id`) ON DELETE CASCADE ON UPDATE CASCADE,
  CONSTRAINT `vehicle_id_relation` FOREIGN KEY (`vehicle_id`) REFERENCES `vehicles` (`id`) ON DELETE CASCADE ON UPDATE CASCADE
) ENGINE=InnoDB AUTO_INCREMENT=37 DEFAULT CHARSET=utf8mb4 COLLATE=utf8mb4_general_ci;
/*!40101 SET character_set_client = @saved_cs_client */;

--
-- Dumping data for table `payments`
--

LOCK TABLES `payments` WRITE;
/*!40000 ALTER TABLE `payments` DISABLE KEYS */;
INSERT INTO `payments` VALUES (29,9,80,'2025-02-17 08:34:11',NULL,200,'MasterCard','cancelled'),(30,1,80,'2025-02-17 08:43:35',NULL,13,'MasterCard','cancelled'),(31,8,80,'2025-02-17 08:45:33',NULL,300,'MasterCard','cancelled'),(32,10,78,'2025-02-17 08:46:13',NULL,1000,'MasterCard','cancelled'),(33,10,80,'2025-02-17 08:56:59','2025-02-28 00:00:00',1000,'MasterCard','success'),(34,1,80,'2025-02-17 10:17:56','2025-02-28 00:00:00',13,'MasterCard','success'),(35,7,80,'2025-03-17 15:58:57','2025-11-09 00:00:00',20,'MasterCard','success'),(36,7,78,'2025-03-19 20:45:29','2025-11-09 00:00:00',20,'MasterCard','success');
/*!40000 ALTER TABLE `payments` ENABLE KEYS */;
UNLOCK TABLES;

--
-- Table structure for table `policies`
--

DROP TABLE IF EXISTS `policies`;
/*!40101 SET @saved_cs_client     = @@character_set_client */;
/*!50503 SET character_set_client = utf8mb4 */;
CREATE TABLE `policies` (
  `id` int NOT NULL AUTO_INCREMENT,
  `coverage_type` varchar(255) COLLATE utf8mb4_general_ci NOT NULL,
  `start_date` datetime NOT NULL,
  `end_date` datetime NOT NULL,
  `premium_amount` decimal(10,0) NOT NULL,
  `status` enum('enable','disable') COLLATE utf8mb4_general_ci NOT NULL DEFAULT 'enable' COMMENT 'disable,enabled',
  `type` enum('Standard','Gold','Platinum','Premium') COLLATE utf8mb4_general_ci NOT NULL DEFAULT 'Standard',
  `created_at` timestamp NOT NULL DEFAULT CURRENT_TIMESTAMP,
  PRIMARY KEY (`id`)
) ENGINE=InnoDB AUTO_INCREMENT=11 DEFAULT CHARSET=utf8mb4 COLLATE=utf8mb4_general_ci;
/*!40101 SET character_set_client = @saved_cs_client */;

--
-- Dumping data for table `policies`
--

LOCK TABLES `policies` WRITE;
/*!40000 ALTER TABLE `policies` DISABLE KEYS */;
INSERT INTO `policies` VALUES (1,'another asdasdasdasd','2025-02-09 00:00:00','2025-02-28 00:00:00',13,'enable','Standard','2024-12-28 16:32:02'),(7,'test','2025-01-02 00:00:00','2025-11-09 00:00:00',20,'enable','Gold','2024-12-28 16:32:02'),(8,'another platinum','2025-02-09 00:00:00','2025-02-28 00:00:00',300,'enable','Platinum','2024-12-28 16:32:02'),(9,'another Gold','2025-02-09 00:00:00','2025-02-28 00:00:00',200,'enable','Gold','2024-12-28 16:32:02'),(10,'another Premium','2025-02-09 00:00:00','2025-02-28 00:00:00',1000,'enable','Premium','2024-12-28 16:32:02');
/*!40000 ALTER TABLE `policies` ENABLE KEYS */;
UNLOCK TABLES;

--
-- Table structure for table `users`
--

DROP TABLE IF EXISTS `users`;
/*!40101 SET @saved_cs_client     = @@character_set_client */;
/*!50503 SET character_set_client = utf8mb4 */;
CREATE TABLE `users` (
  `id` int NOT NULL AUTO_INCREMENT,
  `name` varchar(255) COLLATE utf8mb4_general_ci NOT NULL,
  `username` varchar(255) COLLATE utf8mb4_general_ci DEFAULT NULL,
  `email` varchar(255) COLLATE utf8mb4_general_ci NOT NULL,
  `phone` varchar(255) COLLATE utf8mb4_general_ci NOT NULL,
  `date_of_birth` date DEFAULT NULL,
  `gender` varchar(11) COLLATE utf8mb4_general_ci NOT NULL DEFAULT 'Male',
  `address` varchar(255) COLLATE utf8mb4_general_ci DEFAULT NULL,
  `password` varchar(255) COLLATE utf8mb4_general_ci NOT NULL,
  `is_admin` tinyint(1) NOT NULL DEFAULT '0',
  `image_path` varchar(255) COLLATE utf8mb4_general_ci DEFAULT NULL,
  `national_card_image` varchar(255) COLLATE utf8mb4_general_ci DEFAULT NULL,
  `created_at` timestamp NOT NULL DEFAULT CURRENT_TIMESTAMP,
  PRIMARY KEY (`id`)
) ENGINE=InnoDB AUTO_INCREMENT=213 DEFAULT CHARSET=utf8mb4 COLLATE=utf8mb4_general_ci;
/*!40101 SET character_set_client = @saved_cs_client */;

--
-- Dumping data for table `users`
--

LOCK TABLES `users` WRITE;
/*!40000 ALTER TABLE `users` DISABLE KEYS */;
INSERT INTO `users` VALUES (1,'muhammad aa','muhammad','muhammad@gmail.com','07501842910','2024-12-20','Male','test address','$2y$10$Oz4/keD1QKYMLzabwex6IevDb7VhpWBWdIHSl8oEgu8VvSRUfKMWe',1,'',NULL,'2024-12-15 19:36:49'),(211,'vana','vano12','vano@gmail.com','07501928','2000-11-22','Female','erbil','$2y$10$Oz4/keD1QKYMLzabwex6IevDb7VhpWBWdIHSl8oEgu8VvSRUfKMWe',1,'','67a845f89b9f02.30928530.jpeg','2025-02-09 06:06:48'),(212,'nur','nur11','nur@gmail.com','08764637','2000-11-01','Female','erbil','$2y$10$Oz4/keD1QKYMLzabwex6IevDb7VhpWBWdIHSl8oEgu8VvSRUfKMWe',1,'','67a847759f8bb5.18712076.jpg','2025-02-09 06:13:09');
/*!40000 ALTER TABLE `users` ENABLE KEYS */;
UNLOCK TABLES;

--
-- Table structure for table `vehicle_policies`
--

DROP TABLE IF EXISTS `vehicle_policies`;
/*!40101 SET @saved_cs_client     = @@character_set_client */;
/*!50503 SET character_set_client = utf8mb4 */;
CREATE TABLE `vehicle_policies` (
  `id` int NOT NULL AUTO_INCREMENT,
  `policy_id` int NOT NULL,
  `user_id` int NOT NULL,
  `vehicle_id` int NOT NULL,
  PRIMARY KEY (`id`),
  KEY `vehicle_id` (`vehicle_id`),
  KEY `policy_id` (`policy_id`),
  KEY `user_id` (`user_id`),
  CONSTRAINT `policy_id` FOREIGN KEY (`policy_id`) REFERENCES `policies` (`id`) ON DELETE CASCADE ON UPDATE CASCADE,
  CONSTRAINT `user_id` FOREIGN KEY (`user_id`) REFERENCES `users` (`id`) ON DELETE CASCADE ON UPDATE CASCADE,
  CONSTRAINT `vehicle_id` FOREIGN KEY (`vehicle_id`) REFERENCES `vehicles` (`id`) ON DELETE CASCADE ON UPDATE CASCADE
) ENGINE=InnoDB AUTO_INCREMENT=60 DEFAULT CHARSET=utf8mb4 COLLATE=utf8mb4_general_ci;
/*!40101 SET character_set_client = @saved_cs_client */;

--
-- Dumping data for table `vehicle_policies`
--

LOCK TABLES `vehicle_policies` WRITE;
/*!40000 ALTER TABLE `vehicle_policies` DISABLE KEYS */;
INSERT INTO `vehicle_policies` VALUES (37,10,211,78),(38,9,211,78),(39,8,211,78),(57,1,212,80),(58,7,212,80),(59,7,211,78);
/*!40000 ALTER TABLE `vehicle_policies` ENABLE KEYS */;
UNLOCK TABLES;

--
-- Table structure for table `vehicles`
--

DROP TABLE IF EXISTS `vehicles`;
/*!40101 SET @saved_cs_client     = @@character_set_client */;
/*!50503 SET character_set_client = utf8mb4 */;
CREATE TABLE `vehicles` (
  `id` int NOT NULL AUTO_INCREMENT,
  `user_id` int DEFAULT NULL,
  `license_plate` varchar(255) COLLATE utf8mb4_general_ci NOT NULL,
  `make` varchar(255) COLLATE utf8mb4_general_ci NOT NULL,
  `model` varchar(255) COLLATE utf8mb4_general_ci NOT NULL,
  `year` int NOT NULL,
  `vin` varchar(255) COLLATE utf8mb4_general_ci NOT NULL,
  `color` varchar(255) COLLATE utf8mb4_general_ci NOT NULL,
  `mileage` double NOT NULL,
  `image_path` varchar(255) COLLATE utf8mb4_general_ci DEFAULT NULL,
  `balance` double DEFAULT NULL,
  `created_at` timestamp NOT NULL DEFAULT CURRENT_TIMESTAMP,
  PRIMARY KEY (`id`),
  KEY `users_vehicles` (`user_id`),
  CONSTRAINT `users_vehicles` FOREIGN KEY (`user_id`) REFERENCES `users` (`id`) ON DELETE CASCADE ON UPDATE CASCADE
) ENGINE=InnoDB AUTO_INCREMENT=81 DEFAULT CHARSET=utf8mb4 COLLATE=utf8mb4_general_ci;
/*!40101 SET character_set_client = @saved_cs_client */;

--
-- Dumping data for table `vehicles`
--

LOCK TABLES `vehicles` WRITE;
/*!40000 ALTER TABLE `vehicles` DISABLE KEYS */;
INSERT INTO `vehicles` VALUES (78,211,'testtt 12','drre434','2000',2020,'86846','red',35000,NULL,20,'2025-02-09 09:23:22'),(80,212,'fdxgfr','toyota','drs',2000,'457556t','red',3000,'',33,'2025-02-16 11:14:59');
/*!40000 ALTER TABLE `vehicles` ENABLE KEYS */;
UNLOCK TABLES;

--
-- Dumping routines for database 'car_insurance'
--
/*!40103 SET TIME_ZONE=@OLD_TIME_ZONE */;

/*!40101 SET SQL_MODE=@OLD_SQL_MODE */;
/*!40014 SET FOREIGN_KEY_CHECKS=@OLD_FOREIGN_KEY_CHECKS */;
/*!40014 SET UNIQUE_CHECKS=@OLD_UNIQUE_CHECKS */;
/*!40101 SET CHARACTER_SET_CLIENT=@OLD_CHARACTER_SET_CLIENT */;
/*!40101 SET CHARACTER_SET_RESULTS=@OLD_CHARACTER_SET_RESULTS */;
/*!40101 SET COLLATION_CONNECTION=@OLD_COLLATION_CONNECTION */;
/*!40111 SET SQL_NOTES=@OLD_SQL_NOTES */;

-- Dump completed on 2025-03-20  1:04:14
